{
  "kind": "collectionType",
  "collectionName": "comments",
  "info": {
    "singularName": "comment",
    "pluralName": "comments",
    "displayName": "Comment",
    "description": ""
  },
  "options": {
    "draftAndPublish": true
  },
  "pluginOptions": {},
  "attributes": {
    "comment": {
      "type": "text",
      "required": true
    },
    "user": {
      "type": "relation",
      "relation": "manyToMany",
      "target": "plugin::users-permissions.user"
    },
    "parent_id": {
      "type": "biginteger"
    },
    "post": {
      "type": "relation",
      "relation": "manyToOne",
      "target": "api::post.post",
      "inversedBy": "comments"
    }
  }
}
