{
  "kind": "collectionType",
  "collectionName": "ctas",
  "info": {
    "singularName": "cta",
    "pluralName": "ctas",
    "displayName": "CTA",
    "description": ""
  },
  "options": {
    "draftAndPublish": false
  },
  "pluginOptions": {},
  "attributes": {
    "name": {
      "type": "string",
      "required": true
    },
    "component_name": {
      "type": "string",
      "required": true,
      "unique": true
    },
    "image": {
      "type": "media",
      "multiple": false,
      "required": false,
      "allowedTypes": ["images"]
    },
    "posts": {
      "type": "relation",
      "relation": "oneToMany",
      "target": "api::post.post",
      "mappedBy": "cta"
    }
  }
}
