{
  "kind": "collectionType",
  "collectionName": "categories",
  "info": {
    "singularName": "category",
    "pluralName": "categories",
    "displayName": "Category",
    "description": ""
  },
  "options": {
    "draftAndPublish": false
  },
  "pluginOptions": {},
  "attributes": {
    "name": {
      "type": "string",
      "required": true,
      "unique": false
    },
    "slug": {
      "type": "uid",
      "targetField": "name",
      "required": true
    },
    "posts": {
      "type": "relation",
      "relation": "oneToMany",
      "target": "api::post.post",
      "mappedBy": "category"
    }
  }
}
